{"entities":{"pages":{"se-foundation":{"id":"se-foundation","title":"SE-Foundation","url":"se-foundation.html","level":0,"tabIndex":0},"Concepts":{"id":"Concepts","title":"Concepts","url":"concepts.html","level":0,"pages":["Web-Stack-Portfolio-Project-Criteria","Guidelines-Take-the-Hot-Seat-Live-Interview-and-Leetcode-Problem-DEMOs-ALXLevelUp","ALX-Software-Engineer-Program-Cheatsheet","Portfolio-Project-Deeper-Overview","Your-Learning-Community","How-to-Fresh-Reset-and-Install-mysql-5-7","Technical-Questioning","Printf-function-brief-What-to-know-to-create-your-own-Printf-function","All-about-Team-Projects-Pairings-FAQ-A-must-read","Using-Docker-WSL-on-your-local-host","The-Essential-Cheat-Sheet-for-Open-Source-Projects-ALXLevelUp","The-Framework","Portfolio-Project-Overview","Source-code-management","C-programming","Python-Programming","HTML-CSS","Shell","White-boarding","Right-engineering-right-documenting","Using-Emacs-as-editor","Authenticating-Git","The-trinity-of-front-end-quality","Pointers-and-arrays","Maze-project","DNS","C-static-libraries","Research-Project-Approval-Overview","JavaScript-in-the-browser","Monitoring","Git-and-Github-cheat-sheet-Everything-in-less-than-30-seconds","Automatic-and-dynamic-allocation-malloc-and-free","Peer-Learning-Day-How-To-Get-Started","Network-basics","Docker","Web-stack-debugging","Python-packages","AirBnB-clone","Web-Server","Load-balancer","Server","What-is-a-Child-Process","3-Ways-to-Make-a-Portfolio-Project-Great"],"tabIndex":1},"Web-Stack-Portfolio-Project-Criteria":{"id":"Web-Stack-Portfolio-Project-Criteria","title":"Web Stack Portfolio Project Criteria","url":"web-stack-portfolio-project-criteria.html","level":1,"parentId":"Concepts","tabIndex":0},"Guidelines-Take-the-Hot-Seat-Live-Interview-and-Leetcode-Problem-DEMOs-ALXLevelUp":{"id":"Guidelines-Take-the-Hot-Seat-Live-Interview-and-Leetcode-Problem-DEMOs-ALXLevelUp","title":"Guidelines: Take the Hot Seat - Live Interview and Leetcode Problem DEMOs #ALXLevelUp","url":"guidelines-take-the-hot-seat-live-interview-and-leetcode-problem-demos-alxlevelup.html","level":1,"parentId":"Concepts","tabIndex":1},"ALX-Software-Engineer-Program-Cheatsheet":{"id":"ALX-Software-Engineer-Program-Cheatsheet","title":"ALX Software Engineer Program Cheatsheet","url":"alx-software-engineer-program-cheatsheet.html","level":1,"parentId":"Concepts","tabIndex":2},"Portfolio-Project-Deeper-Overview":{"id":"Portfolio-Project-Deeper-Overview","title":"Portfolio Project Deeper Overview","url":"portfolio-project-deeper-overview.html","level":1,"parentId":"Concepts","tabIndex":3},"Your-Learning-Community":{"id":"Your-Learning-Community","title":"Your Learning Community","url":"your-learning-community.html","level":1,"parentId":"Concepts","tabIndex":4},"How-to-Fresh-Reset-and-Install-mysql-5-7":{"id":"How-to-Fresh-Reset-and-Install-mysql-5-7","title":"[How to : ] Fresh Reset and Install mysql 5.7","url":"how-to-fresh-reset-and-install-mysql-5-7.html","level":1,"parentId":"Concepts","tabIndex":5},"Technical-Questioning":{"id":"Technical-Questioning","title":"Technical Questioning","url":"technical-questioning.html","level":1,"parentId":"Concepts","tabIndex":6},"Printf-function-brief-What-to-know-to-create-your-own-Printf-function":{"id":"Printf-function-brief-What-to-know-to-create-your-own-Printf-function","title":"Printf function brief - What to know to create your own Printf function","url":"printf-function-brief-what-to-know-to-create-your-own-printf-function.html","level":1,"parentId":"Concepts","tabIndex":7},"All-about-Team-Projects-Pairings-FAQ-A-must-read":{"id":"All-about-Team-Projects-Pairings-FAQ-A-must-read","title":"All about Team Projects + Pairings + FAQ (A must read)","url":"all-about-team-projects-pairings-faq-a-must-read.html","level":1,"parentId":"Concepts","tabIndex":8},"Using-Docker-WSL-on-your-local-host":{"id":"Using-Docker-WSL-on-your-local-host","title":"Using Docker \u0026 WSL on your local host","url":"using-docker-wsl-on-your-local-host.html","level":1,"parentId":"Concepts","tabIndex":9},"The-Essential-Cheat-Sheet-for-Open-Source-Projects-ALXLevelUp":{"id":"The-Essential-Cheat-Sheet-for-Open-Source-Projects-ALXLevelUp","title":"The Essential Cheat Sheet for Open Source Projects #ALXLevelUp","url":"the-essential-cheat-sheet-for-open-source-projects-alxlevelup.html","level":1,"parentId":"Concepts","tabIndex":10},"The-Framework":{"id":"The-Framework","title":"The Framework","url":"the-framework.html","level":1,"parentId":"Concepts","tabIndex":11},"Portfolio-Project-Overview":{"id":"Portfolio-Project-Overview","title":"Portfolio Project Overview","url":"portfolio-project-overview.html","level":1,"parentId":"Concepts","tabIndex":12},"Source-code-management":{"id":"Source-code-management","title":"Source code management","url":"source-code-management.html","level":1,"parentId":"Concepts","tabIndex":13},"C-programming":{"id":"C-programming","title":"C programming","url":"c-programming.html","level":1,"parentId":"Concepts","tabIndex":14},"Python-Programming":{"id":"Python-Programming","title":"Python Programming","url":"python-programming.html","level":1,"parentId":"Concepts","tabIndex":15},"HTML-CSS":{"id":"HTML-CSS","title":"HTML/CSS","url":"html-css.html","level":1,"parentId":"Concepts","tabIndex":16},"Shell":{"id":"Shell","title":"Shell","url":"shell.html","level":1,"parentId":"Concepts","tabIndex":17},"White-boarding":{"id":"White-boarding","title":"White boarding","url":"white-boarding.html","level":1,"parentId":"Concepts","tabIndex":18},"Right-engineering-right-documenting":{"id":"Right-engineering-right-documenting","title":"Right-engineering, right-documenting","url":"right-engineering-right-documenting.html","level":1,"parentId":"Concepts","tabIndex":19},"Using-Emacs-as-editor":{"id":"Using-Emacs-as-editor","title":"Using Emacs as editor","url":"using-emacs-as-editor.html","level":1,"parentId":"Concepts","tabIndex":20},"Authenticating-Git":{"id":"Authenticating-Git","title":"Authenticating Git","url":"authenticating-git.html","level":1,"parentId":"Concepts","tabIndex":21},"The-trinity-of-front-end-quality":{"id":"The-trinity-of-front-end-quality","title":"The trinity of front-end quality","url":"the-trinity-of-front-end-quality.html","level":1,"parentId":"Concepts","tabIndex":22},"Pointers-and-arrays":{"id":"Pointers-and-arrays","title":"Pointers and arrays","url":"pointers-and-arrays.html","level":1,"parentId":"Concepts","tabIndex":23},"Maze-project":{"id":"Maze-project","title":"Maze project","url":"maze-project.html","level":1,"parentId":"Concepts","tabIndex":24},"DNS":{"id":"DNS","title":"DNS","url":"dns.html","level":1,"parentId":"Concepts","tabIndex":25},"C-static-libraries":{"id":"C-static-libraries","title":"C static libraries","url":"c-static-libraries.html","level":1,"parentId":"Concepts","tabIndex":26},"Research-Project-Approval-Overview":{"id":"Research-Project-Approval-Overview","title":"Research \u0026 Project Approval Overview","url":"research-project-approval-overview.html","level":1,"parentId":"Concepts","tabIndex":27},"JavaScript-in-the-browser":{"id":"JavaScript-in-the-browser","title":"JavaScript in the browser","url":"javascript-in-the-browser.html","level":1,"parentId":"Concepts","tabIndex":28},"Monitoring":{"id":"Monitoring","title":"Monitoring","url":"monitoring.html","level":1,"parentId":"Concepts","tabIndex":29},"Git-and-Github-cheat-sheet-Everything-in-less-than-30-seconds":{"id":"Git-and-Github-cheat-sheet-Everything-in-less-than-30-seconds","title":"Git and Github cheat sheet - Everything in less than 30 seconds","url":"git-and-github-cheat-sheet-everything-in-less-than-30-seconds.html","level":1,"parentId":"Concepts","tabIndex":30},"Automatic-and-dynamic-allocation-malloc-and-free":{"id":"Automatic-and-dynamic-allocation-malloc-and-free","title":"Automatic and dynamic allocation, malloc and free","url":"automatic-and-dynamic-allocation-malloc-and-free.html","level":1,"parentId":"Concepts","tabIndex":31},"Peer-Learning-Day-How-To-Get-Started":{"id":"Peer-Learning-Day-How-To-Get-Started","title":"Peer Learning Day - How To Get Started","url":"peer-learning-day-how-to-get-started.html","level":1,"parentId":"Concepts","tabIndex":32},"Network-basics":{"id":"Network-basics","title":"Network basics","url":"network-basics.html","level":1,"parentId":"Concepts","tabIndex":33},"Docker":{"id":"Docker","title":"Docker","url":"docker.html","level":1,"parentId":"Concepts","tabIndex":34},"Web-stack-debugging":{"id":"Web-stack-debugging","title":"Web stack debugging","url":"web-stack-debugging.html","level":1,"parentId":"Concepts","tabIndex":35},"Python-packages":{"id":"Python-packages","title":"Python packages","url":"python-packages.html","level":1,"parentId":"Concepts","tabIndex":36},"AirBnB-clone":{"id":"AirBnB-clone","title":"AirBnB clone","url":"airbnb-clone.html","level":1,"parentId":"Concepts","tabIndex":37},"Web-Server":{"id":"Web-Server","title":"Web Server","url":"web-server.html","level":1,"parentId":"Concepts","tabIndex":38},"Load-balancer":{"id":"Load-balancer","title":"Load balancer","url":"load-balancer.html","level":1,"parentId":"Concepts","tabIndex":39},"Server":{"id":"Server","title":"Server","url":"server.html","level":1,"parentId":"Concepts","tabIndex":40},"What-is-a-Child-Process":{"id":"What-is-a-Child-Process","title":"What is a Child Process?","url":"what-is-a-child-process.html","level":1,"parentId":"Concepts","tabIndex":41},"3-Ways-to-Make-a-Portfolio-Project-Great":{"id":"3-Ways-to-Make-a-Portfolio-Project-Great","title":"3 Ways to Make a Portfolio Project Great","url":"3-ways-to-make-a-portfolio-project-great.html","level":1,"parentId":"Concepts","tabIndex":42},"Onboarding":{"id":"Onboarding","title":"Onboarding","url":"onboarding.html","level":0,"pages":["Onboarding-Getting-started","Onboarding-Tools"],"tabIndex":2},"Onboarding-Getting-started":{"id":"Onboarding-Getting-started","title":"Onboarding - Getting started","url":"onboarding-getting-started.html","level":1,"parentId":"Onboarding","pages":["Welcome-on-board","Introduction-to-mindsets-Grit-and-growth-mindsets"],"tabIndex":0},"Welcome-on-board":{"id":"Welcome-on-board","title":"Welcome on board","url":"welcome-on-board.html","level":2,"parentId":"Onboarding-Getting-started","tabIndex":0},"Introduction-to-mindsets-Grit-and-growth-mindsets":{"id":"Introduction-to-mindsets-Grit-and-growth-mindsets","title":"Introduction to mindsets (Grit and growth mindsets)","url":"introduction-to-mindsets-grit-and-growth-mindsets.html","level":2,"parentId":"Onboarding-Getting-started","tabIndex":1},"Onboarding-Tools":{"id":"Onboarding-Tools","title":"Onboarding - Tools","url":"onboarding-tools.html","level":1,"parentId":"Onboarding","tabIndex":1},"0-Day":{"id":"0-Day","title":"0-Day","url":"0-day.html","level":0,"pages":["0-Day-0-Day"],"tabIndex":3},"0-Day-0-Day":{"id":"0-Day-0-Day","title":"0-Day - 0-Day","url":"0-day-0-day.html","level":1,"parentId":"0-Day","tabIndex":0},"Low-level-programming-Algorithm":{"id":"Low-level-programming-Algorithm","title":"Low-level programming \u0026 Algorithm","url":"low-level-programming-algorithm.html","level":0,"pages":["Low-level-programming-Algorithm-Hatching-out","Low-level-programming-Algorithm-Data-structures-and-Algorithms","Low-level-programming-Algorithm-Linux-and-Unix-system-programming"],"tabIndex":4},"Low-level-programming-Algorithm-Hatching-out":{"id":"Low-level-programming-Algorithm-Hatching-out","title":"Low-level programming \u0026 Algorithm - Hatching out","url":"low-level-programming-algorithm-hatching-out.html","level":1,"parentId":"Low-level-programming-Algorithm","pages":["0x00-C-Hello-World","0x01-C-Variables-if-else-while","First-Day-of-C-Programming","0x02-C-Functions-nested-loops"],"tabIndex":0},"0x00-C-Hello-World":{"id":"0x00-C-Hello-World","title":"0x00. C - Hello, World","url":"0x00-c-hello-world.html","level":2,"parentId":"Low-level-programming-Algorithm-Hatching-out","tabIndex":0},"0x01-C-Variables-if-else-while":{"id":"0x01-C-Variables-if-else-while","title":"0x01. C - Variables, if, else, while","url":"0x01-c-variables-if-else-while.html","level":2,"parentId":"Low-level-programming-Algorithm-Hatching-out","tabIndex":1},"First-Day-of-C-Programming":{"id":"First-Day-of-C-Programming","title":"First Day of C Programming","url":"first-day-of-c-programming.html","level":2,"parentId":"Low-level-programming-Algorithm-Hatching-out","tabIndex":2},"0x02-C-Functions-nested-loops":{"id":"0x02-C-Functions-nested-loops","title":"0x02. C - Functions, nested loops","url":"0x02-c-functions-nested-loops.html","level":2,"parentId":"Low-level-programming-Algorithm-Hatching-out","tabIndex":3},"Low-level-programming-Algorithm-Data-structures-and-Algorithms":{"id":"Low-level-programming-Algorithm-Data-structures-and-Algorithms","title":"Low-level programming \u0026 Algorithm - Data structures and Algorithms","url":"low-level-programming-algorithm-data-structures-and-algorithms.html","level":1,"parentId":"Low-level-programming-Algorithm","tabIndex":1},"Low-level-programming-Algorithm-Linux-and-Unix-system-programming":{"id":"Low-level-programming-Algorithm-Linux-and-Unix-system-programming","title":"Low-level programming \u0026 Algorithm - Linux and Unix system programming","url":"low-level-programming-algorithm-linux-and-unix-system-programming.html","level":1,"parentId":"Low-level-programming-Algorithm","tabIndex":2},"Higher-level-programming":{"id":"Higher-level-programming","title":"Higher-level programming","url":"higher-level-programming.html","level":0,"pages":["Higher-level-programming-Python","Higher-level-programming-Javascript","Higher-level-programming-Databases","Higher-level-programming-AirBnB-clone"],"tabIndex":5},"Higher-level-programming-Python":{"id":"Higher-level-programming-Python","title":"Higher-level programming - Python","url":"higher-level-programming-python.html","level":1,"parentId":"Higher-level-programming","tabIndex":0},"Higher-level-programming-Javascript":{"id":"Higher-level-programming-Javascript","title":"Higher-level programming - Javascript","url":"higher-level-programming-javascript.html","level":1,"parentId":"Higher-level-programming","tabIndex":1},"Higher-level-programming-Databases":{"id":"Higher-level-programming-Databases","title":"Higher-level programming - Databases","url":"higher-level-programming-databases.html","level":1,"parentId":"Higher-level-programming","tabIndex":2},"Higher-level-programming-AirBnB-clone":{"id":"Higher-level-programming-AirBnB-clone","title":"Higher-level programming - AirBnB clone","url":"higher-level-programming-airbnb-clone.html","level":1,"parentId":"Higher-level-programming","pages":["0x00-AirBnB-clone-The-console"],"tabIndex":3},"0x00-AirBnB-clone-The-console":{"id":"0x00-AirBnB-clone-The-console","title":"0x00. AirBnB clone - The console","url":"0x00-airbnb-clone-the-console.html","level":2,"parentId":"Higher-level-programming-AirBnB-clone","tabIndex":0},"System-engineering-DevOps":{"id":"System-engineering-DevOps","title":"System engineering \u0026 DevOps","url":"system-engineering-devops.html","level":0,"pages":["System-engineering-DevOps-Bash","System-engineering-DevOps-Scripting","System-engineering-DevOps-Networking","System-engineering-DevOps-Web-stack","System-engineering-DevOps-Security","System-engineering-DevOps-CI-CD","System-engineering-DevOps-Web-stack-debugging"],"tabIndex":6},"System-engineering-DevOps-Bash":{"id":"System-engineering-DevOps-Bash","title":"System engineering \u0026 DevOps - Bash","url":"system-engineering-devops-bash.html","level":1,"parentId":"System-engineering-DevOps","tabIndex":0},"System-engineering-DevOps-Scripting":{"id":"System-engineering-DevOps-Scripting","title":"System engineering \u0026 DevOps - Scripting","url":"system-engineering-devops-scripting.html","level":1,"parentId":"System-engineering-DevOps","tabIndex":1},"System-engineering-DevOps-Networking":{"id":"System-engineering-DevOps-Networking","title":"System engineering \u0026 DevOps - Networking","url":"system-engineering-devops-networking.html","level":1,"parentId":"System-engineering-DevOps","tabIndex":2},"System-engineering-DevOps-Web-stack":{"id":"System-engineering-DevOps-Web-stack","title":"System engineering \u0026 DevOps - Web stack","url":"system-engineering-devops-web-stack.html","level":1,"parentId":"System-engineering-DevOps","pages":["0x09-Web-infrastructure-design","0x0C-Web-server"],"tabIndex":3},"0x09-Web-infrastructure-design":{"id":"0x09-Web-infrastructure-design","title":"0x09. Web infrastructure design","url":"0x09-web-infrastructure-design.html","level":2,"parentId":"System-engineering-DevOps-Web-stack","tabIndex":0},"0x0C-Web-server":{"id":"0x0C-Web-server","title":"0x0C. Web server","url":"0x0c-web-server.html","level":2,"parentId":"System-engineering-DevOps-Web-stack","tabIndex":1},"System-engineering-DevOps-Security":{"id":"System-engineering-DevOps-Security","title":"System engineering \u0026 DevOps - Security","url":"system-engineering-devops-security.html","level":1,"parentId":"System-engineering-DevOps","pages":["0x0B-SSH","0x13-Firewall"],"tabIndex":4},"0x0B-SSH":{"id":"0x0B-SSH","title":"0x0B. SSH","url":"0x0b-ssh.html","level":2,"parentId":"System-engineering-DevOps-Security","tabIndex":0},"0x13-Firewall":{"id":"0x13-Firewall","title":"0x13. Firewall","url":"0x13-firewall.html","level":2,"parentId":"System-engineering-DevOps-Security","tabIndex":1},"System-engineering-DevOps-CI-CD":{"id":"System-engineering-DevOps-CI-CD","title":"System engineering \u0026 DevOps - CI/CD","url":"system-engineering-devops-ci-cd.html","level":1,"parentId":"System-engineering-DevOps","pages":["0x0A-Configuration-management"],"tabIndex":5},"0x0A-Configuration-management":{"id":"0x0A-Configuration-management","title":"0x0A. Configuration management","url":"0x0a-configuration-management.html","level":2,"parentId":"System-engineering-DevOps-CI-CD","tabIndex":0},"System-engineering-DevOps-Web-stack-debugging":{"id":"System-engineering-DevOps-Web-stack-debugging","title":"System engineering \u0026 DevOps - Web stack debugging","url":"system-engineering-devops-web-stack-debugging.html","level":1,"parentId":"System-engineering-DevOps","pages":["0x0D-Web-stack-debugging-0","0x0E-Web-stack-debugging-1","0x12-Web-stack-debugging-2"],"tabIndex":6},"0x0D-Web-stack-debugging-0":{"id":"0x0D-Web-stack-debugging-0","title":"0x0D. Web stack debugging #0","url":"0x0d-web-stack-debugging-0.html","level":2,"parentId":"System-engineering-DevOps-Web-stack-debugging","tabIndex":0},"0x0E-Web-stack-debugging-1":{"id":"0x0E-Web-stack-debugging-1","title":"0x0E. Web stack debugging #1","url":"0x0e-web-stack-debugging-1.html","level":2,"parentId":"System-engineering-DevOps-Web-stack-debugging","tabIndex":1},"0x12-Web-stack-debugging-2":{"id":"0x12-Web-stack-debugging-2","title":"0x12. Web stack debugging #2","url":"0x12-web-stack-debugging-2.html","level":2,"parentId":"System-engineering-DevOps-Web-stack-debugging","tabIndex":2},"Technical-Writing-and-Networking":{"id":"Technical-Writing-and-Networking","title":"Technical Writing and Networking","url":"technical-writing-and-networking.html","level":0,"pages":["Technical-Writing-and-Networking-Social-media"],"tabIndex":7},"Technical-Writing-and-Networking-Social-media":{"id":"Technical-Writing-and-Networking-Social-media","title":"Technical Writing and Networking - Social media","url":"technical-writing-and-networking-social-media.html","level":1,"parentId":"Technical-Writing-and-Networking","pages":["Professional-Relationships","Professional-Social-Presence"],"tabIndex":0},"Professional-Relationships":{"id":"Professional-Relationships","title":"Professional Relationships","url":"professional-relationships.html","level":2,"parentId":"Technical-Writing-and-Networking-Social-media","tabIndex":0},"Professional-Social-Presence":{"id":"Professional-Social-Presence","title":"Professional Social Presence","url":"professional-social-presence.html","level":2,"parentId":"Technical-Writing-and-Networking-Social-media","tabIndex":1},"More":{"id":"More","title":"More!","url":"more.html","level":0,"pages":["More-More"],"tabIndex":8},"More-More":{"id":"More-More","title":"More! - More!","url":"more-more.html","level":1,"parentId":"More","pages":["RSA-Factoring-Challenge","Command-line-for-the-win","0x00-Fix-my-code","Attack-is-the-best-defense","0x01-Fix-my-code"],"tabIndex":0},"RSA-Factoring-Challenge":{"id":"RSA-Factoring-Challenge","title":"RSA Factoring Challenge","url":"rsa-factoring-challenge.html","level":2,"parentId":"More-More","tabIndex":0},"Command-line-for-the-win":{"id":"Command-line-for-the-win","title":"Command line for the win","url":"command-line-for-the-win.html","level":2,"parentId":"More-More","tabIndex":1},"0x00-Fix-my-code":{"id":"0x00-Fix-my-code","title":"0x00. Fix my code","url":"0x00-fix-my-code.html","level":2,"parentId":"More-More","tabIndex":2},"Attack-is-the-best-defense":{"id":"Attack-is-the-best-defense","title":"Attack is the best defense","url":"attack-is-the-best-defense.html","level":2,"parentId":"More-More","tabIndex":3},"0x01-Fix-my-code":{"id":"0x01-Fix-my-code","title":"0x01. Fix my code","url":"0x01-fix-my-code.html","level":2,"parentId":"More-More","tabIndex":4},"Portfolio-Project":{"id":"Portfolio-Project","title":"Portfolio Project","url":"portfolio-project.html","level":0,"pages":["Portfolio-Project-Portfolio-Project"],"tabIndex":9},"Portfolio-Project-Portfolio-Project":{"id":"Portfolio-Project-Portfolio-Project","title":"Portfolio Project - Portfolio Project","url":"portfolio-project-portfolio-project.html","level":1,"parentId":"Portfolio-Project","pages":["Research-Project-approval-Part-1","Research-Project-approval-Part-2"],"tabIndex":0},"Research-Project-approval-Part-1":{"id":"Research-Project-approval-Part-1","title":"Research \u0026 Project approval (Part 1)","url":"research-project-approval-part-1.html","level":2,"parentId":"Portfolio-Project-Portfolio-Project","tabIndex":0},"Research-Project-approval-Part-2":{"id":"Research-Project-approval-Part-2","title":"Research \u0026 Project approval (Part 2)","url":"research-project-approval-part-2.html","level":2,"parentId":"Portfolio-Project-Portfolio-Project","tabIndex":1}}},"topLevelIds":["se-foundation","Concepts","Onboarding","0-Day","Low-level-programming-Algorithm","Higher-level-programming","System-engineering-DevOps","Technical-Writing-and-Networking","More","Portfolio-Project"]}