{"title":"More! - More!","subtitle":"An introductory paragraph","tips":[{"title":"\n\t\t\t\tRSA-Factoring-Challenge\n\t\t\t","description":"Factorize all the things!","url":"rsa-factoring-challenge.html","type":"learn"},{"title":"\n\t\t\t\tCommand line for the win\n\t\t\t","description":"cmd challenge is a pretty cool game challenging you on Bash skills","url":"command-line-for-the-win.html","type":"learn"}],"main":{"title":"Get started","data":[{"title":"0x00. Fix my code","description":"Jump into an existing code base and fix it!","url":"0x00-fix-my-code.html","type":"learn"}]},"highlighted":{"title":"Explore","data":[{"title":"Attack is the best defense","description":"Attack is the best defense","url":"attack-is-the-best-defense.html","type":"learn"}]},"prevNextLinks":{"prevPageTitle":"More!","nextPageUrl":"rsa-factoring-challenge.html","nextPageTitle":"RSA Factoring Challenge","prevPageUrl":"more.html"}}